<?xml version="1.0" encoding="UTF-8"?>
<info:toolkitInfoModel xmlns:common="http://www.ibm.com/xmlns/prod/streams/spl/common" xmlns:info="http://www.ibm.com/xmlns/prod/streams/spl/toolkitInfo">
  <info:identity>
    <info:name>001_hello_world_in_spl</info:name>
    <info:description>Simple example of SPL</info:description>
    <info:version>1.0.1</info:version>
    <info:requiredProductVersion>4.0.0.0</info:requiredProductVersion>
  </info:identity>
  <info:dependencies/>
</info:toolkitInfoModel>