<?xml version="1.0" encoding="UTF-8" standalone="no" ?>
<toolkitModel xmlns="http://www.ibm.com/xmlns/prod/streams/spl/toolkit" productVersion="6.0.0.0" xmlns:common="http://www.ibm.com/xmlns/prod/streams/spl/common" xmlns:ti="http://www.ibm.com/xmlns/prod/streams/spl/toolkitInfo" xmlns:xsi="http://www.w3.org/2001/XMLSchema-instance">
  <toolkit name="001_hello_world_in_spl" requiredProductVersion="4.0.0.0" version="1.0.1">
    <description>Simple example of SPL</description>
    <uriTable>
      <uri index="1" value="sample/HelloWorld.spl"/>
    </uriTable>
    <namespace name="sample">
      <compositeOp column="11" line="9" name="HelloWorld" potentialMain="true" uriIndex="1"/>
    </namespace>
    <sabFiles>
      <ti:include path="toolkit.xml" root="toolkitDir"/>
      <ti:include path="impl/java/lib/**" root="toolkitDir"/>
      <ti:include path="impl/java/bin/**" root="toolkitDir"/>
      <ti:include path="impl/bin/**" root="toolkitDir"/>
      <ti:include path="impl/lib/**" root="toolkitDir"/>
      <ti:include path="impl/nl/*.dat" root="toolkitDir"/>
      <ti:include path="etc/**" root="toolkitDir"/>
      <ti:include path="lib/**" root="toolkitDir"/>
      <ti:include path="nl/**" root="toolkitDir"/>
      <ti:include path="opt/**" root="toolkitDir"/>
    </sabFiles>
  </toolkit>
</toolkitModel>
